itemsets,support,itemsets_strings
frozenset({'Female'}),1.0,Female
frozenset({'Clothing'}),0.8443501258299467,Clothing
frozenset({'Apparel'}),0.8443501258299467,Apparel
frozenset({'Girl'}),0.3593308847202159,Girl
frozenset({'Hair'}),0.3567434906390273,Hair
frozenset({'Photo'}),0.2740497015647413,Photo
frozenset({'Photography'}),0.2740497015647413,Photography
frozenset({'Coat'}),0.2517711428865204,Coat
frozenset({'Room'}),0.2464615068241465,Room
frozenset({'Furniture'}),0.2373019632168641,Furniture
frozenset({'People'}),0.2372918496243643,People
frozenset({'Kid'}),0.20874623479379228,Kid
frozenset({'Child'}),0.20874623479379228,Child
frozenset({'Fashion'}),0.2053177269363737,Fashion
frozenset({'Portrait'}),0.20494183841513264,Portrait
frozenset({'Teen'}),0.2032545540664227,Teen
frozenset({'Crowd'}),0.17901732964074835,Crowd
frozenset({'Robe'}),0.17883528497575266,Robe
frozenset({'Accessory'}),0.17201029563716475,Accessory
frozenset({'Accessories'}),0.1720086100384148,Accessories
frozenset({'Gown'}),0.1706365326559474,Gown
frozenset({'Plant'}),0.16965719978222066,Plant
frozenset({'Overcoat'}),0.16252374587239007,Overcoat
frozenset({'Finger'}),0.1617601696386582,Finger
frozenset({'Dating'}),0.1465897808890185,Dating
frozenset({'Pub'}),0.13290271903934356,Pub
frozenset({'Blonde'}),0.13167897434687262,Blonde
frozenset({'Evening Dress'}),0.12947083998442507,Evening Dress
frozenset({'Bar Counter'}),0.12328974936832185,Bar Counter
frozenset({'Man'}),0.11787560618345044,Man
frozenset({'Suit'}),0.113767802029798,Suit
frozenset({'Jacket'}),0.10339968411879426,Jacket
frozenset({'Outdoors'}),0.10322606744754838,Outdoors
frozenset({'Leisure Activities'}),0.10028806882636816,Leisure Activities
frozenset({'Sleeve'}),0.09732984302018842,Sleeve
frozenset({'Home Decor'}),0.0931411301265379,Home Decor
frozenset({'Performer'}),0.08788711882291267,Performer
frozenset({'Smile'}),0.08682182041293797,Smile
frozenset({'Dress'}),0.07839382666313814,Dress
frozenset({'Electronics'}),0.07103955931706281,Electronics
frozenset({'Sitting'}),0.07020687353458259,Sitting
frozenset({'Food'}),0.0700753968320857,Food
frozenset({'Night Life'}),0.0691618023096074,Night Life
frozenset({'Audience'}),0.06908426476710924,Audience
frozenset({'Table'}),0.06862578190712014,Table
frozenset({'Door'}),0.06686601681216194,Door
frozenset({'Wood'}),0.06419097159597546,Wood
frozenset({'Nature'}),0.0633515434184954,Nature
frozenset({'Flower'}),0.056475986117408686,Flower
frozenset({'Blossom'}),0.056475986117408686,Blossom
frozenset({'Building'}),0.05524549902993792,Building
frozenset({'Tie'}),0.0549555760449448,Tie
frozenset({'Court'}),0.054426298037457375,Court
frozenset({'Pants'}),0.05316378457373736,Pants
frozenset({'Cushion'}),0.05291263035999332,Cushion
frozenset({'Restaurant'}),0.05148998501502712,Restaurant
frozenset({'Beverage'}),0.04868683429384369,Beverage
frozenset({'Drink'}),0.04868683429384369,Drink
frozenset({'Chair'}),0.047304643318876516,Chair
frozenset({'Interior Design'}),0.047284416133877,Interior Design
frozenset({'Lamp'}),0.04652421109764505,Lamp
frozenset({'Hug'}),0.04301142330272848,Hug
frozenset({'Hat'}),0.04276701148398429,Hat
frozenset({'Skin'}),0.042591709213988437,Skin
frozenset({'Jaw'}),0.04224784706899661,Jaw
frozenset({'Blazer'}),0.04209951437900013,Blazer
frozenset({'Tree'}),0.04066338424403425,Tree
frozenset({'Jewelry'}),0.04043414281403969,Jewelry
frozenset({'Art'}),0.04024367015529421,Art
frozenset({'Shirt'}),0.039970603157800697,Shirt
frozenset({'People Laughing'}),0.03830523159284025,People Laughing
frozenset({'Screen'}),0.03817206929159341,Screen
frozenset({'Glass'}),0.03651006892413289,Glass
frozenset({'Table Lamp'}),0.035850999812898535,Table Lamp
frozenset({'Transportation'}),0.03568749673415242,Transportation
frozenset({'Wedding'}),0.035535792846656034,Wedding
frozenset({'Shorts'}),0.03530823701541143,Shorts
frozenset({'Vehicle'}),0.035092480375416554,Vehicle
frozenset({'Grass'}),0.03498797325291904,Grass
frozenset({'Long Sleeve'}),0.034962689271669636,Long Sleeve
frozenset({'Glasses'}),0.03494751888292,Glasses
frozenset({'Musical Instrument'}),0.03262476380547516,Musical Instrument
frozenset({'Monitor'}),0.032565767849226566,Monitor
frozenset({'Display'}),0.032565767849226566,Display
frozenset({'Dance Pose'}),0.032370238394231206,Dance Pose
frozenset({'Tuxedo'}),0.031606662160499344,Tuxedo
frozenset({'Couch'}),0.031090868943011593,Couch
frozenset({'Dance'}),0.030303694326780286,Dance
frozenset({'Costume'}),0.03017053202553345,Costume
frozenset({'Footwear'}),0.029540118093048424,Footwear
frozenset({'People Kissing'}),0.029405270193051624,People Kissing
frozenset({'Wedding Gown'}),0.028818681828065563,Wedding Gown
frozenset({'Pillow'}),0.02867203473681904,Pillow
frozenset({'Haircut'}),0.02760673632684434,Haircut
frozenset({'Sport'}),0.02714319667060535,Sport
frozenset({'Sports'}),0.02714319667060535,Sports
frozenset({'Alcohol'}),0.026873500870611758,Alcohol
frozenset({'Musician'}),0.026870129673111837,Musician
frozenset({'Selfie'}),0.026310510888125124,Selfie
frozenset({'Food Court'}),0.02575932009688821,Food Court
frozenset({'Text'}),0.02562447219689142,Text
frozenset({'Shoe'}),0.02517947412690199,Shoe
frozenset({'Club'}),0.02514070535565291,Club
frozenset({'Bed'}),0.02408552053817797,Bed
frozenset({'Worker'}),0.02401135419317973,Worker
frozenset({'Sunglasses'}),0.023723116806936576,Sunglasses
frozenset({'Vegetation'}),0.02228698667197069,Vegetation
frozenset({'Pottery'}),0.02189761336072993,Pottery
frozenset({'Necklace'}),0.02177962144823273,Necklace
frozenset({'Party'}),0.02145935768574034,Party
frozenset({'Flower Arrangement'}),0.021358221760742743,Flower Arrangement
frozenset({'Baby'}),0.021309339396993903,Baby
frozenset({'Make Out'}),0.021268885026994862,Make Out
frozenset({'Lip'}),0.021189661885746745,Lip
frozenset({'Mouth'}),0.021189661885746745,Mouth
frozenset({'Ear'}),0.020984018838251628,Ear
frozenset({'Shaking Hands'}),0.02055081995951192,Shaking Hands
frozenset({'Water'}),0.02043619924451464,Water
frozenset({'Shelf'}),0.0202861809557682,Shelf
frozenset({'Animal'}),0.01988500845327773,Animal
frozenset({'Plywood'}),0.019824326898279173,Plywood
frozenset({'Skirt'}),0.0193725864332899,Skirt
frozenset({'Urban'}),0.01897647072704931,Urban
frozenset({'Arm'}),0.01888207719705155,Arm
frozenset({'Dining Table'}),0.01865957816205684,Dining Table
frozenset({'Night Club'}),0.01819266730831792,Night Club
frozenset({'Cafeteria'}),0.01813367135206933,Cafeteria
frozenset({'Window'}),0.01782352118207669,Window
frozenset({'Dungeon'}),0.017744298040828572,Dungeon
frozenset({'Flooring'}),0.017562253375832896,Flooring
frozenset({'Newborn'}),0.017477973438334897,Newborn
frozenset({'Housing'}),0.017103770515843785,Housing
frozenset({'Hand'}),0.017078486534594386,Hand
frozenset({'Meal'}),0.016861044295849552,Meal
frozenset({'Car'}),0.01649189816960832,Car
frozenset({'Automobile'}),0.01649189816960832,Automobile
frozenset({'Jar'}),0.016485155774608476,Jar
frozenset({'Veil'}),0.016028358513369326,Veil
frozenset({'Blanket'}),0.01594913537212121,Blanket
frozenset({'Pedestrian'}),0.015620443615879012,Pedestrian
frozenset({'Speech'}),0.015568190054630256,Speech
frozenset({'Architecture'}),0.01535411901338534,Architecture
frozenset({'Vase'}),0.015345691019635541,Vase
frozenset({'Crypt'}),0.015129934379640662,Crypt
frozenset({'School'}),0.014821469808397991,School
frozenset({'Floor'}),0.01478101543839895,Floor
frozenset({'Heel'}),0.014757417055899509,Heel
frozenset({'Closet'}),0.014755731457149554,Closet
frozenset({'Dressing Room'}),0.014583800384653638,Dressing Room
frozenset({'Vigil'}),0.014460751675906556,Vigil
frozenset({'Linen'}),0.014202855067162682,Linen
frozenset({'Computer'}),0.014003954414667405,Computer
frozenset({'Blouse'}),0.013992155223417686,Blouse
frozenset({'Road'}),0.013914617680919528,Road
frozenset({'Lighting'}),0.013778084182172771,Lighting
frozenset({'Bride'}),0.013685376250924973,Bride
frozenset({'Cafe'}),0.013530301165928656,Cafe
frozenset({'Flower Bouquet'}),0.013452763623430498,Flower Bouquet
frozenset({'Dancing'}),0.01324543497718542,Dancing
frozenset({'Cupboard'}),0.013211723002186222,Cupboard
frozenset({'Desk'}),0.013162840638437385,Desk
frozenset({'Light'}),0.012411063595955237,Light
frozenset({'Piano'}),0.01225767410970888,Piano
frozenset({'Stage'}),0.012193621357210402,Stage
frozenset({'Pendant'}),0.012154852585961322,Pendant
frozenset({'Vacation'}),0.012043603068463964,Vacation
frozenset({'Classroom'}),0.011961008729715924,Classroom
frozenset({'Curtain'}),0.011920554359716886,Curtain
frozenset({'Advertisement'}),0.011608718590974293,Advertisement
frozenset({'Bedroom'}),0.011441844314728257,Bedroom
frozenset({'Banister'}),0.011403075543479177,Banister
frozenset({'Handrail'}),0.011403075543479177,Handrail
frozenset({'Jeans'}),0.011344079587230578,Jeans
frozenset({'Denim'}),0.011344079587230578,Denim
frozenset({'Necktie'}),0.011310367612231378,Necktie
frozenset({'Bridegroom'}),0.011283398032232021,Bridegroom
frozenset({'Path'}),0.011092925373486544,Path
frozenset({'Asleep'}),0.011023815824738185,Asleep
frozenset({'Sleeping'}),0.011023815824738185,Sleeping
frozenset({'Poster'}),0.010942907084740106,Poster
frozenset({'Undershirt'}),0.010904138313491027,Undershirt
frozenset({'Lecture'}),0.01076086241974443,Lecture
frozenset({'Town'}),0.01057038976099895,Town
frozenset({'City'}),0.01057038976099895,City
frozenset({'Teeth'}),0.010529935390999914,Teeth
frozenset({'Pc'}),0.010393401892253157,Pc
frozenset({'Paper'}),0.010332720337254598,Paper
frozenset({'Cabinet'}),0.010123706092259564,Cabinet
